<?xml version="1.0"?>
<Products>
	<Product ProductName="Galaxy Grand 2">
		<description>Android smart phone</description>
		<productSubType>Samsung</productSubType>
	</Product>
	<Product ProductName="Xiomi Note 4G">
		<description>Android lollypop</description>
		<productSubType>Mi</productSubType>
	</Product>
	<Product ProductName="Envy">
		<description>Octa core processor, 8 GB Ram</description>
		<productSubType>HP</productSubType>
	</Product>
	<Product ProductName="Pavillion">
		<description>Quad core processor, 4 GB Ram</description>
		<productSubType>HP</productSubType>
	</Product>
</Products>